id,valid_id,resource_id,position_id,latitude,longitude,datecollected,depth,qc,institutioncode,collectioncode,catalognumber,yearcollected,individualcount,resname,tname,tauthor,worms_id,scientificnameid,storedpath,originalscientificname,geom,phylum,class,order,family,genus,species,phylum_id,class_id,order_id,family_id,genus_id,species_id,group_id,node_id,id,acceptednameusage,acceptednameusageid,accessrights,associatedmedia,associatedoccurrences,associatedreferences,associatedsequences,associatedtaxa,basisofrecord,bed,behavior,bibliographiccitation,collectionid,continent,coordinateprecision,coordinateuncertaintyinmeters,countrycode,county,datageneralizations,datasetid,dateidentified,disposition,dynamicproperties,establishmentmeans,eventdate,eventid,eventremarks,eventtime,fieldnotes,fieldnumber,footprintspatialfit,footprintsrs,footprintwkt,geodeticdatum,group,habitat,higherclassification,highergeography,highergeographyid,identificationid,identificationqualifier,identificationreferences,identificationremarks,identificationverificationstatus,identifiedby,individualid,informationwithheld,infraspecificepithet,institutionid,island,islandgroup,language,lifestage,locality,locationaccordingto,locationid,locationremarks,materialsampleid,maximumdepthinmeters,minimumdepthinmeters,modified,municipality,nameaccordingto,nameaccordingtoid,namepublishedin,namepublishedinid,occurrencedetails,occurrenceid,occurrenceremarks,occurrencestatus,originalnameusage,originalnameusageid,othercatalognumbers,ownerinstitutioncode,recordedby,recordnumber,references,reproductivecondition,rights,rightsholder,samplesize,sex,source,specificepithet,stateprovince,taxonconceptid,taxonid,taxonomicstatus,taxonrank,taxonremarks,type,typestatus,vernacularname,waterbody
1977990,421297,123,13123788,-12.5380001068115,141.294998168945,1995-02-15 12:00:00+01,40,1073217151,AIMS,Biotechnology Collection,AIMS-000203,1995,,Australian Institute of Marine Science - Bioresources Library,Chironex fleckeri,"Southcott, 1956",289593,urn:lsid:marinespecies.org:taxname:289593,x739909x738303x790071x769573x782220x781157x775808x,Chironex fleckeri,0101000020E6100000F5FFFF9F70A96140F3FFFFBF741329C0,Cnidaria,Cubozoa,Chirodropida,Chirodropidae,Chironex,Chironex fleckeri,790071,769573,782220,781157,775808,421297,26,8,1977990,,,,,,,,,,,,,,,,,,,,,,,,,,,,,,,,,,,,,,,,,,,,,,,,,,,,,,,,,,,,,,,,,,,,,,,,,,,,,,,,,,,,,,,,,,,,,,
6909279,421297,77,13112702,-17.7833003997803,146.100006103516,1972-02-13 12:00:00+01,,1073217151,mv,Invertebrates,F 81653,1972,1,MV Marine Invertebrates,Chironex fleckeri,"Southcott, 1956",289593,urn:lsid:marinespecies.org:taxname:289593,x739909x738303x790071x769573x782220x781157x775808x,Chironex fleckeri,0101000020E61000000D000040334362400700006086C831C0,Cnidaria,Cubozoa,Chirodropida,Chirodropidae,Chironex,Chironex fleckeri,790071,769573,782220,781157,775808,421297,26,8,6909279,,,,,,,,,,,,,,,,,,,,,,,,,,,,,,,,,,,,,,,,,,,,,,,,,,,,,,,,,,,,,,,,,,,,,,,,,,,,,,,,,,,,,,,,,,,,,,
10109670,421297,123,13119886,-14.3940000534058,128.776992797852,1996-06-10 12:00:00+02,25,1073217151,AIMS,Biotechnology Collection,AIMS-000202,1996,,Australian Institute of Marine Science - Bioresources Library,Chironex fleckeri,"Southcott, 1956",289593,urn:lsid:marinespecies.org:taxname:289593,x739909x738303x790071x769573x782220x781157x775808x,Chironex fleckeri,0101000020E61000000F000020DD18604016000060BAC92CC0,Cnidaria,Cubozoa,Chirodropida,Chirodropidae,Chironex,Chironex fleckeri,790071,769573,782220,781157,775808,421297,26,8,10109670,,,,,,,,,,,,,,,,,,,,,,,,,,,,,,,,,,,,,,,,,,,,,,,,,,,,,,,,,,,,,,,,,,,,,,,,,,,,,,,,,,,,,,,,,,,,,,
367729249,421297,3422,14936950,-18.7458,147.269,1996-02-24 12:00:00+01,8,1072168063,Diveboard,Diveboard,diveboard:27405_200766_0,1996,,Diveboard - Scuba diving citizen science observations,Chironex fleckeri,"Southcott, 1956",289593,urn:lsid:marinespecies.org:taxname:289593,x739909x738303x790071x769573x782220x781157x775808x,Chironex fleckeri,0101000020E6100000F853E3A59B686240575BB1BFECBE32C0,Cnidaria,Cubozoa,Chirodropida,Chirodropidae,Chironex,Chironex fleckeri,790071,769573,782220,781157,775808,421297,26,5,367729249,,,,,,,,,Occurrence,,,,,"Queensland, Australia",,,,,,IMIS:dasid:4542,,,,,1996-02-24T20:30:00,,,20:30:00,,,,,,,,,,,,,,,,,,,,,,,,,,"Keeper Reef, Townsville",,,,,16,0,2014-11-27 15:38:23,,,,,,,diveboard:27405_200766_0,,,,,,,Masaki Nakamura,,http://www.diveboard.com/nmasa/D5wW4rz,,,,,,,,,,,,,,,,,
387750281,421297,3559,15236753,-13.1775,136.78,1998-10-03 12:00:00+02,28.5,1073183871,"CSIRO, Australia",CMAR_GOC,662046-11152001,1998,1,"CSIRO, Cruises, Vertebrate and Invertebrate Fishery Bycatch, North Australia, 1997",Chironex fleckeri,"Southcott, 1956",289593,urn:lsid:marinespecies.org:taxname:289593,x739909x738303x790071x769573x782220x781157x775808x,Chironex fleckeri,0101000020E6100000295C8FC2F51861407B14AE47E15A2AC0,Cnidaria,Cubozoa,Chirodropida,Chirodropidae,Chironex,Chironex fleckeri,790071,769573,782220,781157,775808,421297,26,8,387750281,,,,,,,,,HumanObservation,,,"Source: Southern Surveyor, survey: SS 03/98, station no: 175, extracted from CSIRO Marine Data Warehouse on 23 Jun 2014",,,,,,,,,,,,,1998-10-03,,,16:29Z,,SS199803:175,,,"LINE (136.775 -13.1633,136.785 -13.1917)",,,,,,,,,,,,,,,,,,,,,,,,,,29,28,2014-06-23T17:56:54,,,,,,,urn:catalog:CSIRO:CMAR_GOC:662046-11152001,[Subsampled Catch],,,,,,,,http://www.marine.csiro.au/marq/edd_search2.wh_catchdata_query?data_id=662046&spcode=11152001,,,,,,,fleckeri,,,,,,,,,,
387750282,421297,3559,15236770,-13.1475,136.75915,1998-10-02 12:00:00+02,,1073183871,"CSIRO, Australia",CMAR_GOC,662012-11152001,1998,2,"CSIRO, Cruises, Vertebrate and Invertebrate Fishery Bycatch, North Australia, 1997",Chironex fleckeri,"Southcott, 1956",289593,urn:lsid:marinespecies.org:taxname:289593,x739909x738303x790071x769573x782220x781157x775808x,Chironex fleckeri,0101000020E610000045D8F0F44A186140EC51B81E854B2AC0,Cnidaria,Cubozoa,Chirodropida,Chirodropidae,Chironex,Chironex fleckeri,790071,769573,782220,781157,775808,421297,26,8,387750282,,,,,,,,,HumanObservation,,,"Source: Southern Surveyor, survey: SS 03/98, station no: 158, extracted from CSIRO Marine Data Warehouse on 23 Jun 2014",,,,,,,,,,,,,1998-10-02,,,17:02Z,,SS199803:158,,,"LINE (136.76 -13.135,136.7583 -13.16)",,,,,,,,,,,,,,,,,,,,,,,,,,,,2014-06-23T17:56:54,,,,,,,urn:catalog:CSIRO:CMAR_GOC:662012-11152001,[Total catch],,,,,,,,http://www.marine.csiro.au/marq/edd_search2.wh_catchdata_query?data_id=662012&spcode=11152001,,,,,,,fleckeri,,,,,,,,,,
387750283,421297,3559,15236614,-13.345,136.73585,1998-09-28 12:00:00+02,,1073183871,"CSIRO, Australia",CMAR_GOC,661867-11152001,1998,1,"CSIRO, Cruises, Vertebrate and Invertebrate Fishery Bycatch, North Australia, 1997",Chironex fleckeri,"Southcott, 1956",289593,urn:lsid:marinespecies.org:taxname:289593,x739909x738303x790071x769573x782220x781157x775808x,Chironex fleckeri,0101000020E61000005F984C158C176140713D0AD7A3B02AC0,Cnidaria,Cubozoa,Chirodropida,Chirodropidae,Chironex,Chironex fleckeri,790071,769573,782220,781157,775808,421297,26,8,387750283,,,,,,,,,HumanObservation,,,"Source: Southern Surveyor, survey: SS 03/98, station no: 85, extracted from CSIRO Marine Data Warehouse on 23 Jun 2014",,,,,,,,,,,,,1998-09-28,,,15:35Z,,SS199803:85,,,"LINE (136.7517 -13.3517,136.72 -13.3383)",,,,,,,,,,,,,,,,,,,,,,,,,,,,2014-06-23T17:56:54,,,,,,,urn:catalog:CSIRO:CMAR_GOC:661867-11152001,[Subsampled Catch],,,,,,,,http://www.marine.csiro.au/marq/edd_search2.wh_catchdata_query?data_id=661867&spcode=11152001,,,,,,,fleckeri,,,,,,,,,,
387750284,421297,3559,15236625,-13.33,136.76415,1998-09-28 12:00:00+02,,1073183871,"CSIRO, Australia",CMAR_GOC,661865-11152001,1998,1,"CSIRO, Cruises, Vertebrate and Invertebrate Fishery Bycatch, North Australia, 1997",Chironex fleckeri,"Southcott, 1956",289593,urn:lsid:marinespecies.org:taxname:289593,x739909x738303x790071x769573x782220x781157x775808x,Chironex fleckeri,0101000020E6100000A167B3EA73186140295C8FC2F5A82AC0,Cnidaria,Cubozoa,Chirodropida,Chirodropidae,Chironex,Chironex fleckeri,790071,769573,782220,781157,775808,421297,26,8,387750284,,,,,,,,,HumanObservation,,,"Source: Southern Surveyor, survey: SS 03/98, station no: 84, extracted from CSIRO Marine Data Warehouse on 23 Jun 2014",,,,,,,,,,,,,1998-09-28,,,14:53Z,,SS199803:84,,,"LINE (136.7633 -13.3133,136.765 -13.3467)",,,,,,,,,,,,,,,,,,,,,,,,,,,,2014-06-23T17:56:54,,,,,,,urn:catalog:CSIRO:CMAR_GOC:661865-11152001,[Total catch],,,,,,,,http://www.marine.csiro.au/marq/edd_search2.wh_catchdata_query?data_id=661865&spcode=11152001,,,,,,,fleckeri,,,,,,,,,,
387750285,421297,3559,15237948,-10.9725,130.365,1997-10-04 12:00:00+02,49.5,804748415,"CSIRO, Australia",CMAR_GOC,559393-11152001,1997,1,"CSIRO, Cruises, Vertebrate and Invertebrate Fishery Bycatch, North Australia, 1997",Chironex fleckeri,"Southcott, 1956",289593,urn:lsid:marinespecies.org:taxname:289593,x739909x738303x790071x769573x782220x781157x775808x,Chironex fleckeri,0101000020E610000048E17A14AE4B604052B81E85EBF125C0,Cnidaria,Cubozoa,Chirodropida,Chirodropidae,Chironex,Chironex fleckeri,790071,769573,782220,781157,775808,421297,26,8,387750285,,,,,,,,,HumanObservation,,,"Source: Southern Surveyor, survey: SS 08/97, station no: 10, extracted from CSIRO Marine Data Warehouse on 23 Jun 2014",,,,,,,,,,,,,1997-10-04,,,09:58Z,,SS199708:10,,,"LINE (130.355 -10.98,130.375 -10.965)",,,,,,,,,,,,,,,,,,,,,,,,,,50,49,2014-06-23T17:56:54,,,,,,,urn:catalog:CSIRO:CMAR_GOC:559393-11152001,[Subsampled Catch],,,,,,,,http://www.marine.csiro.au/marq/edd_search2.wh_catchdata_query?data_id=559393&spcode=11152001,,,,,,,fleckeri,,,,,,,,,,
387750286,421297,3559,15237874,-11.02,130.38334,1997-03-10 12:00:00+01,34.5,804748415,"CSIRO, Australia",CMAR_GOC,546200-11152001,1997,2,"CSIRO, Cruises, Vertebrate and Invertebrate Fishery Bycatch, North Australia, 1997",Chironex fleckeri,"Southcott, 1956",289593,urn:lsid:marinespecies.org:taxname:289593,x739909x738303x790071x769573x782220x781157x775808x,Chironex fleckeri,0101000020E6100000F5673F52444C60400AD7A3703D0A26C0,Cnidaria,Cubozoa,Chirodropida,Chirodropidae,Chironex,Chironex fleckeri,790071,769573,782220,781157,775808,421297,26,8,387750286,,,,,,,,,HumanObservation,,,"Source: Southern Surveyor, survey: SS 02/97, station no: 332, extracted from CSIRO Marine Data Warehouse on 23 Jun 2014",,,,,,,,,,,,,1997-03-10,,,18:25Z,,SS199702:332,,,"LINE (130.37001 -11.01667,130.39667 -11.02333)",,,,,,,,,,,,,,,,,,,,,,,,,,35,34,2014-06-23T17:56:54,,,,,,,urn:catalog:CSIRO:CMAR_GOC:546200-11152001,[Total catch],,,,,,,,http://www.marine.csiro.au/marq/edd_search2.wh_catchdata_query?data_id=546200&spcode=11152001,,,,,,,fleckeri,,,,,,,,,,
387750287,421297,3559,15237814,-11.0525,130.201665,1997-03-10 12:00:00+01,29.5,804748415,"CSIRO, Australia",CMAR_GOC,546193-11152001,1997,9,"CSIRO, Cruises, Vertebrate and Invertebrate Fishery Bycatch, North Australia, 1997",Chironex fleckeri,"Southcott, 1956",289593,urn:lsid:marinespecies.org:taxname:289593,x739909x738303x790071x769573x782220x781157x775808x,Chironex fleckeri,0101000020E6100000EE77280A744660407B14AE47E11A26C0,Cnidaria,Cubozoa,Chirodropida,Chirodropidae,Chironex,Chironex fleckeri,790071,769573,782220,781157,775808,421297,26,8,387750287,,,,,,,,,HumanObservation,,,"Source: Southern Surveyor, survey: SS 02/97, station no: 328, extracted from CSIRO Marine Data Warehouse on 23 Jun 2014",,,,,,,,,,,,,1997-03-10,,,13:59Z,,SS199702:328,,,"LINE (130.18832 -11.06,130.21501 -11.045)",,,,,,,,,,,,,,,,,,,,,,,,,,31,28,2014-06-23T17:56:54,,,,,,,urn:catalog:CSIRO:CMAR_GOC:546193-11152001,[Total catch],,,,,,,,http://www.marine.csiro.au/marq/edd_search2.wh_catchdata_query?data_id=546193&spcode=11152001,,,,,,,fleckeri,,,,,,,,,,
387750313,421297,3559,15237809,-11.0575,130.17583,1997-03-10 12:00:00+01,31,803699839,"CSIRO, Australia",CMAR_GOC,546187-11152001,1997,1,"CSIRO, Cruises, Vertebrate and Invertebrate Fishery Bycatch, North Australia, 1997",Chironex fleckeri,"Southcott, 1956",289593,urn:lsid:marinespecies.org:taxname:289593,x739909x738303x790071x769573x782220x781157x775808x,Chironex fleckeri,0101000020E6100000FB743C66A04560403D0AD7A3701D26C0,Cnidaria,Cubozoa,Chirodropida,Chirodropidae,Chironex,Chironex fleckeri,790071,769573,782220,781157,775808,421297,26,8,387750313,,,,,,,,,HumanObservation,,,"Source: Southern Surveyor, survey: SS 02/97, station no: 325, extracted from CSIRO Marine Data Warehouse on 23 Jun 2014",,,,,,,,,,,,,1997-03-10,,,11:35Z,,SS199702:325,,,"LINE (130.15999 -11.07333,130.19167 -11.04167)",,,,,,,,,,,,,,,,,,,,,,,,,,36,26,2014-06-23T17:56:54,,,,,,,urn:catalog:CSIRO:CMAR_GOC:546187-11152001,[Total catch],,,,,,,,http://www.marine.csiro.au/marq/edd_search2.wh_catchdata_query?data_id=546187&spcode=11152001,,,,,,,fleckeri,,,,,,,,,,
387750314,421297,3559,15237911,-11,130.373335,1997-03-08 12:00:00+01,39,804748415,"CSIRO, Australia",CMAR_GOC,546132-11152001,1997,3,"CSIRO, Cruises, Vertebrate and Invertebrate Fishery Bycatch, North Australia, 1997",Chironex fleckeri,"Southcott, 1956",289593,urn:lsid:marinespecies.org:taxname:289593,x739909x738303x790071x769573x782220x781157x775808x,Chironex fleckeri,0101000020E610000078EE3D5CF24B604000000000000026C0,Cnidaria,Cubozoa,Chirodropida,Chirodropidae,Chironex,Chironex fleckeri,790071,769573,782220,781157,775808,421297,26,8,387750314,,,,,,,,,HumanObservation,,,"Source: Southern Surveyor, survey: SS 02/97, station no: 296, extracted from CSIRO Marine Data Warehouse on 23 Jun 2014",,,,,,,,,,,,,1997-03-08,,,18:16Z,,SS199702:296,,,"LINE (130.35667 -11,130.39 -11)",,,,,,,,,,,,,,,,,,,,,,,,,,40,38,2014-06-23T17:56:54,,,,,,,urn:catalog:CSIRO:CMAR_GOC:546132-11152001,[Total catch],,,,,,,,http://www.marine.csiro.au/marq/edd_search2.wh_catchdata_query?data_id=546132&spcode=11152001,,,,,,,fleckeri,,,,,,,,,,
387750315,421297,3559,15237866,-11.026665,130.481665,1997-03-08 12:00:00+01,38,804748415,"CSIRO, Australia",CMAR_GOC,546124-11152001,1997,1,"CSIRO, Cruises, Vertebrate and Invertebrate Fishery Bycatch, North Australia, 1997",Chironex fleckeri,"Southcott, 1956",289593,urn:lsid:marinespecies.org:taxname:289593,x739909x738303x790071x769573x782220x781157x775808x,Chironex fleckeri,0101000020E610000017D4B7CC694F60404BE5ED08A70D26C0,Cnidaria,Cubozoa,Chirodropida,Chirodropidae,Chironex,Chironex fleckeri,790071,769573,782220,781157,775808,421297,26,8,387750315,,,,,,,,,HumanObservation,,,"Source: Southern Surveyor, survey: SS 02/97, station no: 292, extracted from CSIRO Marine Data Warehouse on 23 Jun 2014",,,,,,,,,,,,,1997-03-08,,,15:15Z,,SS199702:292,,,"LINE (130.49333 -11.035,130.47 -11.01833)",,,,,,,,,,,,,,,,,,,,,,,,,,39,37,2014-06-23T17:56:54,,,,,,,urn:catalog:CSIRO:CMAR_GOC:546124-11152001,[Total catch],,,,,,,,http://www.marine.csiro.au/marq/edd_search2.wh_catchdata_query?data_id=546124&spcode=11152001,,,,,,,fleckeri,,,,,,,,,,
387750316,421297,3559,15237130,-12.478335,141.52333,1997-10-30 12:00:00+01,23.5,804748415,"CSIRO, Australia",CMAR_GOC,560247-11152001,1997,1,"CSIRO, Cruises, Vertebrate and Invertebrate Fishery Bycatch, North Australia, 1997",Chironex fleckeri,"Southcott, 1956",289593,urn:lsid:marinespecies.org:taxname:289593,x739909x738303x790071x769573x782220x781157x775808x,Chironex fleckeri,0101000020E610000080608E1EBFB0614077103B53E8F428C0,Cnidaria,Cubozoa,Chirodropida,Chirodropidae,Chironex,Chironex fleckeri,790071,769573,782220,781157,775808,421297,26,8,387750316,,,,,,,,,HumanObservation,,,"Source: Southern Surveyor, survey: SS 08/97, station no: 472, extracted from CSIRO Marine Data Warehouse on 23 Jun 2014",,,,,,,,,,,,,1997-10-30,,,11:35Z,,SS199708:472,,,"LINE (141.52666 -12.465,141.52 -12.49167)",,,,,,,,,,,,,,,,,,,,,,,,,,24,23,2014-06-23T17:56:54,,,,,,,urn:catalog:CSIRO:CMAR_GOC:560247-11152001,[Subsampled Catch],,,,,,,,http://www.marine.csiro.au/marq/edd_search2.wh_catchdata_query?data_id=560247&spcode=11152001,,,,,,,fleckeri,,,,,,,,,,
387750317,421297,3559,15236903,-12.8375,141.559175,1997-10-29 12:00:00+01,21,804748415,"CSIRO, Australia",CMAR_GOC,560196-11152001,1997,2,"CSIRO, Cruises, Vertebrate and Invertebrate Fishery Bycatch, North Australia, 1997",Chironex fleckeri,"Southcott, 1956",289593,urn:lsid:marinespecies.org:taxname:289593,x739909x738303x790071x769573x782220x781157x775808x,Chironex fleckeri,0101000020E6100000B537F8C2E4B16140CDCCCCCCCCAC29C0,Cnidaria,Cubozoa,Chirodropida,Chirodropidae,Chironex,Chironex fleckeri,790071,769573,782220,781157,775808,421297,26,8,387750317,,,,,,,,,HumanObservation,,,"Source: Southern Surveyor, survey: SS 08/97, station no: 446, extracted from CSIRO Marine Data Warehouse on 23 Jun 2014",,,,,,,,,,,,,1997-10-29,,,09:53Z,,SS199708:446,,,"LINE (141.57001 -12.845,141.54834 -12.83)",,,,,,,,,,,,,,,,,,,,,,,,,,22,20,2014-06-23T17:56:54,,,,,,,urn:catalog:CSIRO:CMAR_GOC:560196-11152001,[Subsampled Catch],,,,,,,,http://www.marine.csiro.au/marq/edd_search2.wh_catchdata_query?data_id=560196&spcode=11152001,,,,,,,fleckeri,,,,,,,,,,
387750318,421297,3559,15238014,-10.8925,132.494165,1997-03-07 12:00:00+01,24,804748415,"CSIRO, Australia",CMAR_GOC,546101-11152001,1997,1,"CSIRO, Cruises, Vertebrate and Invertebrate Fishery Bycatch, North Australia, 1997",Chironex fleckeri,"Southcott, 1956",289593,urn:lsid:marinespecies.org:taxname:289593,x739909x738303x790071x769573x782220x781157x775808x,Chironex fleckeri,0101000020E61000007E3A1E33D08F6040295C8FC2F5C825C0,Cnidaria,Cubozoa,Chirodropida,Chirodropidae,Chironex,Chironex fleckeri,790071,769573,782220,781157,775808,421297,26,8,387750318,,,,,,,,,HumanObservation,,,"Source: Southern Surveyor, survey: SS 02/97, station no: 279, extracted from CSIRO Marine Data Warehouse on 23 Jun 2014",,,,,,,,,,,,,1997-03-07,,,14:29Z,,SS199702:279,,,"LINE (132.50499 -10.89167,132.48334 -10.89333)",,,,,,,,,,,,,,,,,,,,,,,,,,24,24,2014-06-23T17:56:54,,,,,,,urn:catalog:CSIRO:CMAR_GOC:546101-11152001,[Subsample],,,,,,,,http://www.marine.csiro.au/marq/edd_search2.wh_catchdata_query?data_id=546101&spcode=11152001,,,,,,,fleckeri,,,,,,,,,,
387750319,421297,3559,15235476,-15.040835,137.105835,1997-02-28 12:00:00+01,33,1073183871,"CSIRO, Australia",CMAR_GOC,545968-11152001,1997,1,"CSIRO, Cruises, Vertebrate and Invertebrate Fishery Bycatch, North Australia, 1997",Chironex fleckeri,"Southcott, 1956",289593,urn:lsid:marinespecies.org:taxname:289593,x739909x738303x790071x769573x782220x781157x775808x,Chironex fleckeri,0101000020E6100000B6F814006323614077103B53E8142EC0,Cnidaria,Cubozoa,Chirodropida,Chirodropidae,Chironex,Chironex fleckeri,790071,769573,782220,781157,775808,421297,26,8,387750319,,,,,,,,,HumanObservation,,,"Source: Southern Surveyor, survey: SS 02/97, station no: 206, extracted from CSIRO Marine Data Warehouse on 23 Jun 2014",,,,,,,,,,,,,1997-02-28,,,09:56Z,,SS199702:206,,,"LINE (137.09001 -15.04167,137.12166 -15.04)",,,,,,,,,,,,,,,,,,,,,,,,,,33,33,2014-06-23T17:56:54,,,,,,,urn:catalog:CSIRO:CMAR_GOC:545968-11152001,[Total catch],,,,,,,,http://www.marine.csiro.au/marq/edd_search2.wh_catchdata_query?data_id=545968&spcode=11152001,,,,,,,fleckeri,,,,,,,,,,
387750320,421297,3559,15234961,-16.375,138.385005,1997-02-25 12:00:00+01,,1073183871,"CSIRO, Australia",CMAR_GOC,545897-11152001,1997,1,"CSIRO, Cruises, Vertebrate and Invertebrate Fishery Bycatch, North Australia, 1997",Chironex fleckeri,"Southcott, 1956",289593,urn:lsid:marinespecies.org:taxname:289593,x739909x738303x790071x769573x782220x781157x775808x,Chironex fleckeri,0101000020E61000007D7901F6514C614000000000006030C0,Cnidaria,Cubozoa,Chirodropida,Chirodropidae,Chironex,Chironex fleckeri,790071,769573,782220,781157,775808,421297,26,8,387750320,,,,,,,,,HumanObservation,,,"Source: Southern Surveyor, survey: SS 02/97, station no: 167, extracted from CSIRO Marine Data Warehouse on 23 Jun 2014",,,,,,,,,,,,,1997-02-25,,,15:29Z,,SS199702:167,,,"LINE (138.37166 -16.37833,138.39835 -16.37167)",,,,,,,,,,,,,,,,,,,,,,,,,,,,2014-06-23T17:56:54,,,,,,,urn:catalog:CSIRO:CMAR_GOC:545897-11152001,[Subsample],,,,,,,,http://www.marine.csiro.au/marq/edd_search2.wh_catchdata_query?data_id=545897&spcode=11152001,,,,,,,fleckeri,,,,,,,,,,
387750321,421297,3559,15234979,-16.3625,138.88333,1997-02-24 12:00:00+01,21,1073183871,"CSIRO, Australia",CMAR_GOC,545870-11152001,1997,1,"CSIRO, Cruises, Vertebrate and Invertebrate Fishery Bycatch, North Australia, 1997",Chironex fleckeri,"Southcott, 1956",289593,urn:lsid:marinespecies.org:taxname:289593,x739909x738303x790071x769573x782220x781157x775808x,Chironex fleckeri,0101000020E61000006CB2463D445C6140CDCCCCCCCC5C30C0,Cnidaria,Cubozoa,Chirodropida,Chirodropidae,Chironex,Chironex fleckeri,790071,769573,782220,781157,775808,421297,26,8,387750321,,,,,,,,,HumanObservation,,,"Source: Southern Surveyor, survey: SS 02/97, station no: 153, extracted from CSIRO Marine Data Warehouse on 23 Jun 2014",,,,,,,,,,,,,1997-02-24,,,17:57Z,,SS199702:153,,,"LINE (138.89999 -16.36333,138.86667 -16.36167)",,,,,,,,,,,,,,,,,,,,,,,,,,21,21,2014-06-23T17:56:54,,,,,,,urn:catalog:CSIRO:CMAR_GOC:545870-11152001,[Total catch],,,,,,,,http://www.marine.csiro.au/marq/edd_search2.wh_catchdata_query?data_id=545870&spcode=11152001,,,,,,,fleckeri,,,,,,,,,,
387750322,421297,3559,15234859,-16.69583,139.924165,1997-02-20 12:00:00+01,29.5,804748415,"CSIRO, Australia",CMAR_GOC,545734-11152001,1997,1,"CSIRO, Cruises, Vertebrate and Invertebrate Fishery Bycatch, North Australia, 1997",Chironex fleckeri,"Southcott, 1956",289593,urn:lsid:marinespecies.org:taxname:289593,x739909x738303x790071x769573x782220x781157x775808x,Chironex fleckeri,0101000020E610000073637AC2927D6140609335EA21B230C0,Cnidaria,Cubozoa,Chirodropida,Chirodropidae,Chironex,Chironex fleckeri,790071,769573,782220,781157,775808,421297,26,8,387750322,,,,,,,,,HumanObservation,,,"Source: Southern Surveyor, survey: SS 02/97, station no: 79, extracted from CSIRO Marine Data Warehouse on 23 Jun 2014",,,,,,,,,,,,,1997-02-20,,,11:56Z,,SS199702:79,,,"LINE (139.91333 -16.70833,139.935 -16.68333)",,,,,,,,,,,,,,,,,,,,,,,,,,31,28,2014-06-23T17:56:54,,,,,,,urn:catalog:CSIRO:CMAR_GOC:545734-11152001,[Total catch],,,,,,,,http://www.marine.csiro.au/marq/edd_search2.wh_catchdata_query?data_id=545734&spcode=11152001,,,,,,,fleckeri,,,,,,,,,,
387750323,421297,3559,15234839,-16.745,139.96249,1997-02-20 12:00:00+01,,804748415,"CSIRO, Australia",CMAR_GOC,545730-11152001,1997,1,"CSIRO, Cruises, Vertebrate and Invertebrate Fishery Bycatch, North Australia, 1997",Chironex fleckeri,"Southcott, 1956",289593,urn:lsid:marinespecies.org:taxname:289593,x739909x738303x790071x769573x782220x781157x775808x,Chironex fleckeri,0101000020E61000004417D4B7CC7E61401F85EB51B8BE30C0,Cnidaria,Cubozoa,Chirodropida,Chirodropidae,Chironex,Chironex fleckeri,790071,769573,782220,781157,775808,421297,26,8,387750323,,,,,,,,,HumanObservation,,,"Source: Southern Surveyor, survey: SS 02/97, station no: 77, extracted from CSIRO Marine Data Warehouse on 23 Jun 2014",,,,,,,,,,,,,1997-02-20,,,10:21Z,,SS199702:77,,,"LINE (139.97665 -16.74667,139.94833 -16.74333)",,,,,,,,,,,,,,,,,,,,,,,,,,,,2014-06-23T17:56:54,,,,,,,urn:catalog:CSIRO:CMAR_GOC:545730-11152001,[Total catch] Chironex fleckeri,,,,,,,,http://www.marine.csiro.au/marq/edd_search2.wh_catchdata_query?data_id=545730&spcode=11152001,,,,,,,fleckeri,,,,,,,,,,
387750324,421297,3559,15237121,-12.489165,141.504995,1997-02-17 12:00:00+01,,804748415,"CSIRO, Australia",CMAR_GOC,545685-11152001,1997,1,"CSIRO, Cruises, Vertebrate and Invertebrate Fishery Bycatch, North Australia, 1997",Chironex fleckeri,"Southcott, 1956",289593,urn:lsid:marinespecies.org:taxname:289593,x739909x738303x790071x769573x782220x781157x775808x,Chironex fleckeri,0101000020E6100000983446EB28B0614018B2BAD573FA28C0,Cnidaria,Cubozoa,Chirodropida,Chirodropidae,Chironex,Chironex fleckeri,790071,769573,782220,781157,775808,421297,26,8,387750324,,,,,,,,,HumanObservation,,,"Source: Southern Surveyor, survey: SS 02/97, station no: 51, extracted from CSIRO Marine Data Warehouse on 23 Jun 2014",,,,,,,,,,,,,1997-02-17,,,15:13Z,,SS199702:51,,,"LINE (141.50999 -12.47333,141.5 -12.505)",,,,,,,,,,,,,,,,,,,,,,,,,,,,2014-06-23T17:56:54,,,,,,,urn:catalog:CSIRO:CMAR_GOC:545685-11152001,[Total catch] Chironex fleckeri (wt guessed),,,,,,,,http://www.marine.csiro.au/marq/edd_search2.wh_catchdata_query?data_id=545685&spcode=11152001,,,,,,,fleckeri,,,,,,,,,,
387781717,421297,3559,15234963,-16.3725,138.295005,1997-10-22 12:00:00+02,19.5,1073183871,"CSIRO, Australia",CMAR_GOC,559949-11152001,1997,1,"CSIRO, Cruises, Vertebrate and Invertebrate Fishery Bycatch, North Australia, 1997",Chironex fleckeri,"Southcott, 1956",289593,urn:lsid:marinespecies.org:taxname:289593,x739909x738303x790071x769573x782220x781157x775808x,Chironex fleckeri,0101000020E6100000026553AE704961408FC2F5285C5F30C0,Cnidaria,Cubozoa,Chirodropida,Chirodropidae,Chironex,Chironex fleckeri,790071,769573,782220,781157,775808,421297,26,8,387781717,,,,,,,,,HumanObservation,,,"Source: Southern Surveyor, survey: SS 08/97, station no: 315, extracted from CSIRO Marine Data Warehouse on 23 Jun 2014",,,,,,,,,,,,,1997-10-22,,,03:51Z,,SS199708:315,,,"LINE (138.30833 -16.37667,138.28168 -16.36833)",,,,,,,,,,,,,,,,,,,,,,,,,,20,19,2014-06-23T17:56:54,,,,,,,urn:catalog:CSIRO:CMAR_GOC:559949-11152001,[Total catch],,,,,,,,http://www.marine.csiro.au/marq/edd_search2.wh_catchdata_query?data_id=559949&spcode=11152001,,,,,,,fleckeri,,,,,,,,,,
387781719,421297,3559,15236642,-13.315835,136.771675,1997-03-05 12:00:00+01,27.5,1073183871,"CSIRO, Australia",CMAR_GOC,546094-11152001,1997,1,"CSIRO, Cruises, Vertebrate and Invertebrate Fishery Bycatch, North Australia, 1997",Chironex fleckeri,"Southcott, 1956",289593,urn:lsid:marinespecies.org:taxname:289593,x739909x738303x790071x769573x782220x781157x775808x,Chironex fleckeri,0101000020E61000008104C58FB118614044DD0720B5A12AC0,Cnidaria,Cubozoa,Chirodropida,Chirodropidae,Chironex,Chironex fleckeri,790071,769573,782220,781157,775808,421297,26,8,387781719,,,,,,,,,HumanObservation,,,"Source: Southern Surveyor, survey: SS 02/97, station no: 276, extracted from CSIRO Marine Data Warehouse on 23 Jun 2014",,,,,,,,,,,,,1997-03-05,,,18:25Z,,SS199702:276,,,"LINE (136.77 -13.33,136.77335 -13.30167)",,,,,,,,,,,,,,,,,,,,,,,,,,28,27,2014-06-23T17:56:54,,,,,,,urn:catalog:CSIRO:CMAR_GOC:546094-11152001,[Total catch],,,,,,,,http://www.marine.csiro.au/marq/edd_search2.wh_catchdata_query?data_id=546094&spcode=11152001,,,,,,,fleckeri,,,,,,,,,,
